id	tmscore	rmsd
T1055-D1	0.96469	0.82
T1094-D1	0.89302	2.21
T1053-D2	0.93822	1.35
T1050-D3	0.92647	1.01
T1060s3-D1	0.75048	2.66
T1033-D1	0.92588	1.08
T1026-D1	0.96671	0.86
T1079-D1	0.93895	1.99
T1041-D1	0.94596	1.36
T1098-D1	0.95252	1.17
T1092-D2	0.92633	1.47
T1064-D1	0.94062	0.92
T1099-D1	0.96182	1.02
T1070-D2	0.96515	0.71
T1089-D1	0.97145	1.23
T1024-D2	0.9658	1.0
T1101-D1	0.94377	0.86
T1092-D1	0.92002	1.84
T1078-D1	0.93872	1.14
T1062-D1	0.7873	1.12
T1094-D2	0.95052	1.25
T1054-D1	0.96204	0.95
T1088-D1	0.94175	1.27
T1070-D3	0.90288	1.09
T1046s2-D1	0.96585	0.84
T1038-D2	0.92982	0.89
T1049-D1	0.96341	0.87
T1100-D2	0.96905	0.85
T1027-D1	0.92475	1.06
T1045s1-D1	0.9539	1.04
T1043-D1	0.89292	1.69
T1028-D1	0.94451	1.57
T1095-D1	0.89485	3.16
T1091-D1	0.95111	1.08
T1024-D1	0.97254	0.9
T1038-D1	0.93943	1.03
T1030-D2	0.95688	0.93
T1058-D1	0.936	1.51
T1029-D1	0.91721	1.36
T1040-D1	0.81803	2.11
T1036s1-D1	0.82399	4.11
T1050-D1	0.96794	1.22
T1087-D1	0.96544	0.71
T1090-D1	0.94904	1.26
T1034-D1	0.97186	0.81
T1047s1-D1	0.82423	2.68
T1083-D1	0.9626	0.71
T1091-D3	0.96566	0.73
T1073-D1	0.93466	0.69
T1047s2-D2	0.95788	0.7
T1030-D1	0.98126	0.64
T1101-D2	0.92744	1.59
T1093-D1	0.93044	1.28
T1050-D2	0.96709	1.17
T1098-D2	0.92373	1.78
T1084-D1	0.9298	0.84
T1060s2-D1	0.81526	3.14
T1025-D1	0.97343	1.0
T1053-D1	0.95061	1.6
T1048-D1	0.90708	0.98
T1052-D2	0.97505	0.88
T1067-D1	0.96062	1.16
T1037-D1	0.96756	1.37
T1070-D4	0.91798	0.88
T1047s2-D1	0.9498	1.22
T1061-D3	0.857	1.63
T1042-D1	0.90949	2.15
T1091-D4	0.97235	0.67
T1076-D1	0.96301	1.62
T1045s2-D1	0.9637	0.99
T1047s2-D3	0.93678	0.87
T1068-D1	0.95979	1.05
T1035-D1	0.94994	0.86
T1070-D1	0.31345	4.27
T1074-D1	0.95039	1.02
T1096-D2	0.92885	1.39
T1057-D1	0.96348	1.17
T1061-D1	0.93436	2.12
T1058-D2	0.95555	1.07
T1052-D1	0.96162	1.72
T1032-D1	0.95115	1.13
T1093-D3	0.92872	1.07
T1093-D2	0.92604	2.04
T1046s1-D1	0.95566	0.7
T1039-D1	0.95889	1.0
T1061-D2	0.94198	1.57
T1080-D1	0.80621	2.42
T1091-D2	0.95422	0.88
T1052-D3	0.93038	0.9
T1031-D1	0.93149	1.01
T1096-D1	0.9091	1.92
T1065s2-D1	0.95976	0.76
T1082-D1	0.93245	0.86
T1065s1-D1	0.95853	0.86
T1056-D1	0.96237	0.98
T1100-D1	0.9661	0.92
