id	tmscore	rmsd
T1055-D1	0.94609	1.02
T1094-D1	0.8491	2.8
T1053-D2	0.93631	1.35
T1050-D3	0.9028	1.26
T1060s3-D1	0.76375	2.62
T1033-D1	0.87717	1.43
T1026-D1	0.96589	0.89
T1079-D1	0.9447	1.88
T1041-D1	0.93592	1.55
T1098-D1	0.94959	1.21
T1092-D2	0.92107	1.52
T1064-D1	0.92578	1.06
T1099-D1	0.94346	1.28
T1070-D2	0.95151	0.85
T1089-D1	0.96299	1.42
T1024-D2	0.96057	1.08
T1101-D1	0.91752	1.07
T1092-D1	0.89	2.15
T1078-D1	0.93916	1.14
T1062-D1	0.82472	0.9
T1094-D2	0.93696	1.42
T1054-D1	0.972	0.78
T1088-D1	0.94455	1.21
T1070-D3	0.9504	0.73
T1046s2-D1	0.94948	1.07
T1038-D2	0.92074	1.04
T1049-D1	0.95147	1.02
T1100-D2	0.95006	1.12
T1027-D1	0.82752	1.83
T1045s1-D1	0.95186	1.07
T1043-D1	0.90899	1.49
T1028-D1	0.93936	1.64
T1095-D1	0.87886	3.39
T1091-D1	0.93662	1.23
T1024-D1	0.96577	1.03
T1038-D1	0.92379	1.19
T1030-D2	0.94117	1.05
T1058-D1	0.92788	1.56
T1029-D1	0.92798	1.19
T1040-D1	0.80558	2.32
T1036s1-D1	0.77689	4.69
T1050-D1	0.95444	1.5
T1087-D1	0.94883	0.88
T1090-D1	0.94439	1.27
T1034-D1	0.95354	1.09
T1047s1-D1	0.80847	2.78
T1083-D1	0.93861	0.93
T1091-D3	0.9566	0.82
T1073-D1	0.89216	0.92
T1047s2-D2	0.93833	0.89
T1030-D1	0.94755	1.12
T1101-D2	0.90452	1.88
T1093-D1	0.94087	1.14
T1050-D2	0.94847	1.51
T1098-D2	0.92544	1.79
T1084-D1	0.90346	0.98
T1060s2-D1	0.7473	3.9
T1025-D1	0.96496	1.16
T1053-D1	0.9484	1.62
T1048-D1	0.91091	1.0
T1052-D2	0.97017	0.97
T1067-D1	0.9474	1.37
T1037-D1	0.95688	1.62
T1070-D4	0.9414	0.73
T1047s2-D1	0.919	1.55
T1061-D3	0.79438	2.2
T1042-D1	0.86328	2.72
T1091-D4	0.95659	0.86
T1076-D1	0.95376	1.86
T1045s2-D1	0.94868	1.21
T1047s2-D3	0.92259	1.02
T1068-D1	0.93339	1.39
T1035-D1	0.94586	0.9
T1070-D1	0.31548	4.44
T1074-D1	0.93195	1.27
T1096-D2	0.92806	1.39
T1057-D1	0.9495	1.46
T1061-D1	0.91082	2.56
T1058-D2	0.93728	1.44
T1052-D1	0.95976	1.74
T1032-D1	0.94865	1.16
T1093-D3	0.91628	1.18
T1093-D2	0.92884	2.01
T1046s1-D1	0.94114	0.8
T1039-D1	0.92415	1.47
T1061-D2	0.92258	1.83
T1080-D1	0.75291	2.92
T1091-D2	0.93492	1.06
T1052-D3	0.91129	1.05
T1031-D1	0.91519	1.15
T1096-D1	0.91287	1.9
T1065s2-D1	0.93039	1.06
T1082-D1	0.93075	0.93
T1065s1-D1	0.9418	1.04
T1056-D1	0.92432	1.47
T1100-D1	0.95241	1.17
