id	tmscore	rmsd
T1106s2-D1	0.95639	0.89
T1137s1-D1	0.94271	1.26
T1188-D1	0.92926	2.4
T1154-D2	0.92124	3.06
T1137s4-D1	0.95437	0.9
T1123-D1	0.96311	1.09
T1114s2-D1	0.96449	1.31
T1112-D1	0.94856	1.81
T1146-D1	0.95814	1.33
T1174-D1	0.81662	2.64
T1121-D1	0.96247	1.06
T1110-D1	0.95305	1.3
T1113-D1	0.86582	2.03
T1176-D1	0.85921	2.1
T1183-D1	0.95924	1.1
T1159-D1	0.93911	1.23
T1145-D1	0.93337	1.09
T1125-D5	0.96374	0.9
T1194-D1	0.97743	0.73
T1137s6-D1	0.93667	1.34
T1151s2-D1	0.94336	0.83
T1181-D1	0.43896	4.59
T1155-D1	0.88877	1.31
T1137s4-D3	0.83425	1.46
T1137s2-D2	0.45595	4.89
T1158-D2	0.91633	2.65
T1179-D1	0.94449	1.47
T1154-D1	0.96151	1.09
T1130-D1	0.89936	1.63
T1186-D1	0.96997	1.06
T1137s5-D2	0.72179	3.72
T1125-D6	0.92338	0.84
T1137s1-D2	0.26563	4.78
T1137s5-D1	0.79558	2.36
T1137s3-D1	0.66258	3.2
T1181-D2	0.91799	2.92
T1133-D1	0.94417	1.8
T1173-D1	0.91576	0.84
T1157s2-D2	0.95897	1.16
T1119-D1	0.79913	1.19
T1122-D1	0.94473	1.42
T1170-D1	0.95099	1.39
T1134s1-D1	0.96629	1.07
T1120-D1	0.91349	1.28
T1121-D2	0.95577	1.07
T1169-D1	0.96125	1.39
T1150-D1	0.96456	1.33
T1157s1-D1	0.95941	1.88
T1178-D1	0.95258	1.42
T1124-D1	0.95542	1.56
T1147-D1	0.97103	0.61
T1145-D2	0.95542	1.8
T1137s7-D1	0.95666	1.41
T1114s3-D1	0.96643	1.53
T1157s2-D3	0.92174	1.37
T1157s2-D1	0.95636	0.83
T1120-D2	0.96245	0.8
T1137s6-D2	0.49003	5.59
T1160-D1	0.62403	1.1
T1180-D1	0.96086	1.45
T1137s2-D1	0.91203	1.48
T1177-D1	0.95621	1.21
T1173-D2	0.28505	1.17
T1137s3-D2	0.37722	3.16
T1137s4-D2	0.44344	5.66
T1175-D1	0.97107	1.06
T1134s2-D1	0.93944	1.64
T1109-D1	0.96168	1.12
T1161-D1	0.83444	1.05
T1174-D2	0.9667	0.79
T1131-D1	0.92964	1.34
T1106s1-D1	0.6795	2.43
T1169-D2	0.83952	5.62
T1125-D1	0.95809	0.98
T1139-D1	0.97094	1.11
T1114s1-D1	0.82887	1.54
T1153-D1	0.96725	1.12
T1169-D3	0.95316	1.65
T1184-D1	0.95131	0.99
T1170-D2	0.9369	0.79
T1137s8-D1	0.96313	1.18
T1132-D1	0.96089	0.83
T1182-D1	0.96401	1.6
T1125-D2	0.95803	1.0
T1137s9-D1	0.97272	1.05
T1125-D3	0.95982	0.85
T1158-D1	0.90395	2.73
T1163-D1	0.96537	0.97
T1104-D1	0.94869	0.98
T1129s2-D1	0.96376	1.67
T1125-D4	0.9344	1.2
T1169-D4	0.93934	2.12
T1187-D1	0.95497	1.08
T1127-D1	0.94102	1.36
T1162-D1	0.95897	1.02
T1152-D1	0.88734	0.78
