id	tmscore	rmsd
T1055-D1	0.87718	1.66
T1094-D1	0.81628	3.29
T1053-D2	0.90598	1.63
T1050-D3	0.84916	1.73
T1060s3-D1	0.73459	2.65
T1033-D1	0.89152	1.43
T1026-D1	0.8253	2.12
T1079-D1	0.85219	3.36
T1041-D1	0.8894	2.15
T1098-D1	0.92313	1.6
T1092-D2	0.87085	2.2
T1064-D1	0.86565	1.53
T1099-D1	0.91482	1.59
T1070-D2	0.88546	1.45
T1089-D1	0.93217	1.96
T1024-D2	0.92907	1.53
T1101-D1	0.90087	1.27
T1092-D1	0.7911	3.32
T1078-D1	0.8497	2.04
T1062-D1	0.62915	1.57
T1094-D2	0.88922	2.04
T1054-D1	0.9017	1.54
T1088-D1	0.8637	2.28
T1070-D3	0.89607	1.15
T1046s2-D1	0.92357	1.37
T1038-D2	0.87391	1.4
T1049-D1	0.90207	1.55
T1100-D2	0.90875	1.61
T1027-D1	0.75794	2.38
T1045s1-D1	0.89545	1.66
T1043-D1	0.83289	2.35
T1028-D1	0.89797	2.22
T1095-D1	0.84109	4.12
T1091-D1	0.908	1.49
T1024-D1	0.94199	1.32
T1038-D1	0.88429	1.55
T1030-D2	0.87965	1.6
T1058-D1	0.8955	2.16
T1029-D1	0.8718	1.68
T1040-D1	0.71518	2.79
T1036s1-D1	0.73396	5.49
T1050-D1	0.91408	2.11
T1087-D1	0.8989	1.35
T1090-D1	0.92454	1.61
T1034-D1	0.91145	1.59
T1047s1-D1	0.75247	3.57
T1083-D1	0.90413	1.25
T1091-D3	0.9093	1.31
T1073-D1	0.92766	0.73
T1047s2-D2	0.90169	1.17
T1030-D1	0.94766	1.11
T1101-D2	0.90407	1.97
T1093-D1	0.89163	1.64
T1050-D2	0.92124	1.94
T1098-D2	0.87205	2.29
T1084-D1	0.85941	1.55
T1060s2-D1	0.74139	4.07
T1025-D1	0.93181	1.8
T1053-D1	0.91729	2.15
T1048-D1	0.86455	1.55
T1052-D2	0.93871	1.46
T1067-D1	0.90163	1.95
T1037-D1	0.89077	2.74
T1070-D4	0.89921	1.01
T1047s2-D1	0.89155	1.79
T1061-D3	0.668	2.76
T1042-D1	0.87237	2.56
T1091-D4	0.91487	1.26
T1076-D1	0.90013	2.93
T1045s2-D1	0.94992	1.15
T1047s2-D3	0.88465	1.3
T1068-D1	0.90566	1.87
T1035-D1	0.91834	1.14
T1070-D1	0.27156	4.45
T1074-D1	0.813	2.25
T1096-D2	0.89391	1.8
T1057-D1	0.92786	1.75
T1061-D1	0.87645	3.05
T1058-D2	0.88368	1.81
T1052-D1	0.92017	2.59
T1032-D1	0.89005	1.87
T1093-D3	0.89285	1.4
T1093-D2	0.88552	2.73
T1046s1-D1	0.83512	1.37
T1039-D1	0.89956	1.67
T1061-D2	0.79506	3.44
T1080-D1	0.73268	2.91
T1091-D2	0.91032	1.28
T1052-D3	0.86422	1.38
T1031-D1	0.84527	1.6
T1096-D1	0.9026	2.06
T1065s2-D1	0.91315	1.22
T1082-D1	0.87887	1.31
T1065s1-D1	0.91372	1.36
T1056-D1	0.89215	1.84
T1100-D1	0.93454	1.35
