id	tmscore	rmsd
T1125-D3	0.95057	0.91
T1137s4-D2	0.95343	1.28
T1170-D1	0.97337	0.96
T1125-D2	0.95649	0.98
T1106s1-D1	0.93729	0.77
T1125-D6	0.93704	0.74
T1130-D1	0.96337	0.93
T1170-D2	0.91418	0.95
T1137s9-D1	0.9794	0.88
T1114s3-D1	0.98599	0.96
T1109-D1	0.97537	0.87
T1163-D1	0.97054	0.89
T1137s7-D1	0.97759	0.97
T1137s3-D2	0.96365	0.94
T1162-D1	0.95791	1.04
T1158-D2	0.98478	1.07
T1174-D2	0.95902	0.86
T1137s6-D2	0.97068	1.03
T1137s5-D2	0.95866	1.17
T1169-D1	0.98113	0.94
T1112-D1	0.98381	0.99
T1114s2-D1	0.97977	0.95
T1120-D1	0.96424	0.78
T1137s5-D1	0.95032	1.01
T1137s1-D2	0.96464	1.11
T1157s2-D2	0.97088	0.96
T1155-D1	0.93482	0.96
T1177-D1	0.97429	0.91
T1123-D1	0.96802	1.0
T1179-D1	0.97032	1.04
T1137s2-D2	0.96552	0.99
T1104-D1	0.9621	0.81
T1157s1-D1	0.98789	0.99
T1159-D1	0.9589	0.99
T1186-D1	0.97399	0.98
T1154-D1	0.96469	1.03
T1194-D1	0.95984	0.98
T1157s2-D3	0.96652	0.83
T1181-D1	0.94235	0.85
T1175-D1	0.96886	1.09
T1173-D2	0.95646	0.96
T1145-D1	0.93172	1.01
T1161-D1	0.88508	0.81
T1137s4-D1	0.95115	0.92
T1150-D1	0.97919	1.0
T1106s2-D1	0.95444	0.86
T1181-D2	0.98324	1.13
T1160-D1	0.73885	0.76
T1125-D4	0.95904	0.92
T1125-D1	0.96133	0.88
T1131-D1	0.96127	0.96
T1158-D1	0.98121	1.28
T1151s2-D1	0.95576	0.72
T1137s3-D1	0.96683	0.85
T1110-D1	0.97321	0.93
T1137s6-D1	0.9546	1.01
T1176-D1	0.96006	1.0
T1137s2-D1	0.95414	1.01
T1173-D1	0.91488	0.84
T1152-D1	0.8657	0.86
T1184-D1	0.95157	0.95
T1129s2-D1	0.98641	0.99
T1137s8-D1	0.9796	0.85
T1127-D1	0.97388	0.88
T1154-D2	0.98691	1.13
T1157s2-D1	0.94699	0.91
T1174-D1	0.94887	1.29
T1137s4-D3	0.92868	0.86
T1114s1-D1	0.91921	0.8
T1137s1-D1	0.96814	0.83
T1125-D5	0.96011	0.94
